,Player,Position,Squad,Current age,Club,Year of birth,Matches Played,Starts,Minutes,90s Played,Goals Against,Goals Against/90,Shots on Target Against,Saves,Save Percentage,Wins,Draws,Losses,Clean Sheets,Clean Sheet Percentage,Penalty Kicks Attempted,Penalty Kicks Allowed,Penalty Kicks Saved,Penalty Kicks Missed,Save% (Penalty Kicks)
0,Alisson,GK,br Brazil,30-075,1.eng Liverpool,1992,4,4,379,4.2,2,0.47,7,5,71.4,2,1,0,2,50.0,0,0,0,0,
1,Lawrence Ati-Zigi,GK,gh Ghana,26-017,1.ch St. Gallen,1996,3,3,270,3.0,7,2.33,17,10,64.7,1,0,2,0,0.0,1,1,0,0,0.0
2,Meshaal Barsham,GK,qa Qatar,24-305,1.qa Al Sadd SC,1998,2,2,180,2.0,5,2.50,9,4,44.4,0,0,2,0,0.0,0,0,0,0,
3,Alireza Beiranvand,GK,ir IR Iran,30-086,1.ir Persepolis,1992,2,2,109,1.2,1,0.83,5,4,80.0,0,0,1,0,0.0,0,0,0,0,
4,Milan Borjan,GK,ca Canada,35-054,1.rs Red Star,1987,3,3,270,3.0,7,2.33,15,8,53.3,0,0,3,0,0.0,0,0,0,0,
5,Yassine Bounou,GK,ma Morocco,31-255,1.es Sevilla,1991,5,5,480,5.3,3,0.56,7,5,57.1,2,2,1,3,60.0,0,0,0,0,
6,Diogo Costa,GK,pt Portugal,23-088,1.pt Porto,1999,5,5,450,5.0,6,1.20,17,11,64.7,3,0,2,1,20.0,0,0,0,0,
7,Thibaut Courtois,GK,be Belgium,30-219,1.es Real Madrid,1992,3,3,270,3.0,2,0.67,11,8,81.8,1,1,1,2,66.7,1,0,1,0,100.0
8,Aimen Dahmen,GK,tn Tunisia,25-322,1.tn CS Sfaxien,1997,3,3,270,3.0,1,0.33,10,9,90.0,1,1,1,2,66.7,0,0,0,0,
9,Ederson,GK,br Brazil,29-121,1.eng Manchester City,1993,1,1,90,1.0,1,1.00,3,2,66.7,0,0,1,0,0.0,0,0,0,0,
10,Devis Epassy,GK,cm Cameroon,29-317,1.sa Abha,1993,2,2,180,2.0,3,1.50,12,9,75.0,1,1,0,1,50.0,0,0,0,0,
11,Hernán Galíndez,GK,ec Ecuador,35-261,1.ec SD Aucas,1987,3,3,270,3.0,3,1.00,4,1,50.0,1,1,1,1,33.3,1,1,0,0,0.0
12,Shūichi Gonda,GK,jp Japan,33-288,1.jp S-Pulse,1989,4,4,390,4.3,4,0.92,19,15,84.2,2,1,1,0,0.0,1,1,0,0,0.0
13,Wayne Hennessey,GK,wls Wales,35-326,1.eng Nott'ham Forest,1987,2,2,175,1.9,1,0.51,5,4,80.0,0,1,0,0,0.0,0,0,0,0,
14,Hossein Hosseini,GK,ir IR Iran,30-169,1.ir Esteghlal,1992,2,1,161,1.8,6,3.35,10,4,40.0,1,0,0,1,100.0,0,0,0,0,
15,Gregor Kobel,GK,ch Switzerland,25-010,1.de Dortmund,1997,1,1,90,1.0,2,2.00,4,2,50.0,1,0,0,0,0.0,0,0,0,0,
16,Dominik Livaković,GK,hr Croatia,27-341,1.hr Dinamo Zagreb,1995,6,6,600,6.7,6,0.90,29,23,82.8,1,4,1,2,33.3,1,1,0,0,0.0
17,Hugo Lloris,GK,fr France,35-355,1.eng Tottenham,1986,5,5,450,5.0,4,0.80,14,10,85.7,5,0,0,1,20.0,3,2,0,1,0.0
18,Steve Mandanda,GK,fr France,37-263,1.fr Rennes,1985,1,1,90,1.0,1,1.00,3,2,66.7,0,0,1,0,0.0,0,0,0,0,
19,Emiliano Martínez,GK,ar Argentina,30-105,1.eng Aston Villa,1992,6,6,570,6.3,5,0.79,8,4,37.5,4,1,1,3,50.0,0,0,0,0,
20,Edouard Mendy,GK,sn Senegal,30-290,1.eng Chelsea,1992,4,4,360,4.0,7,1.75,14,7,50.0,2,0,2,0,0.0,0,0,0,0,
21,Vanja Milinković-Savić,GK,rs Serbia,25-299,1.it Torino,1997,3,3,270,3.0,8,2.67,24,16,66.7,0,1,2,0,0.0,0,0,0,0,
22,Munir,GK,ma Morocco,33-220,1.sa Al-Wehda,1989,1,1,90,1.0,0,0.00,3,3,100.0,1,0,0,1,100.0,0,0,0,0,
23,Keylor Navas,GK,cr Costa Rica,36-001,1.fr Paris S-G,1986,3,3,270,3.0,11,3.67,22,11,54.5,1,0,2,1,33.3,1,1,0,0,0.0
24,Manuel Neuer,GK,de Germany,36-264,1.de Bayern Munich,1986,3,3,270,3.0,5,1.67,13,8,61.5,1,1,1,0,0.0,0,0,0,0,
25,Andries Noppert,GK,nl Netherlands,28-253,1.nl Heerenveen,1994,5,5,480,5.3,4,0.75,22,18,86.4,3,2,0,2,40.0,1,1,0,0,0.0
26,Guillermo Ochoa,GK,mx Mexico,37-156,1.mx América,1985,3,3,270,3.0,3,1.00,6,2,50.0,1,1,1,1,33.3,1,0,1,0,100.0
27,André Onana,GK,cm Cameroon,26-258,1.it Inter,1996,1,1,80,0.9,1,1.13,3,2,66.7,0,0,1,0,0.0,0,0,0,0,
28,Mohammed Al-Owais,GK,sa Saudi Arabia,31-067,1.sa Al-Hilal,1991,3,3,270,3.0,5,1.67,19,14,78.9,1,0,2,0,0.0,1,1,0,0,0.0
29,Jordan Pickford,GK,eng England,28-284,1.eng Everton,1994,5,5,450,5.0,4,0.80,11,7,72.7,3,1,1,3,60.0,1,1,0,0,0.0
30,Sergio Rochet,GK,uy Uruguay,29-268,1.uy Nacional,1993,3,3,270,3.0,2,0.67,7,4,85.7,1,1,1,2,66.7,2,1,1,0,50.0
31,Mathew Ryan,GK,au Australia,30-252,1.dk FC Copenhagen,1992,4,4,360,4.0,6,1.50,18,12,66.7,2,0,2,2,50.0,0,0,0,0,
32,Kasper Schmeichel,GK,dk Denmark,36-041,1.fr Nice,1986,3,3,270,3.0,3,1.00,11,8,72.7,0,1,2,1,33.3,0,0,0,0,
33,Kim Seung-gyu,GK,kr Korea Republic,32-077,1.sa Al-Shabab,1990,4,4,360,4.0,8,2.00,19,11,63.2,1,1,2,1,25.0,1,1,0,0,0.0
34,Saad Al Sheeb,GK,qa Qatar,32-300,1.qa Al Sadd SC,1990,1,1,90,1.0,2,2.00,3,1,66.7,0,0,1,0,0.0,1,1,0,0,0.0
35,Unai Simón,GK,es Spain,25-188,1.es Athletic Club,1997,4,4,390,4.3,3,0.69,9,6,66.7,1,2,1,2,50.0,0,0,0,0,
36,Yann Sommer,GK,ch Switzerland,33-364,1.de M'Gladbach,1988,3,3,270,3.0,7,2.33,19,12,63.2,1,0,2,1,33.3,0,0,0,0,
37,Wojciech Szczęsny,GK,pl Poland,32-242,1.it Juventus,1990,4,4,360,4.0,5,1.25,28,21,82.1,1,1,2,2,50.0,2,0,2,0,100.0
38,Matt Turner,GK,us United States,28-175,1.eng Arsenal,1994,4,4,360,4.0,4,1.00,12,8,75.0,1,2,1,2,50.0,1,1,0,0,0.0
39,Danny Ward,GK,wls Wales,29-177,1.eng Leicester City,1993,2,1,94,1.0,5,4.79,9,4,44.4,0,0,1,0,0.0,0,0,0,0,
40,Wéverton,GK,br Brazil,35-003,1.br Palmeiras,1987,1,0,11,0.1,0,0.00,0,0,,0,0,0,0,,0,0,0,0,
